{"cameraMode":{"drawMode":0,"name":"Shaded","section":"Shading Mode"},"sceneLighting":true,"audioPlay":false,"sceneViewState":{"m_AlwaysRefresh":false,"showFog":true,"showSkybox":true,"showFlares":true,"showImageEffects":true,"showParticleSystems":true,"showVisualEffectGraphs":true,"m_FxEnabled":true},"in2DMode":false,"pivot":{"x":15.307034492492676,"y":0.8373215794563294,"z":-39.59739303588867},"rotation":{"x":-0.038113728165626529,"y":0.9618942737579346,"z":-0.19419528543949128,"w":-0.18879809975624085},"size":2.634458541870117,"orthographic":false}