{"cameraMode":{"drawMode":0,"name":"Shaded","section":"Shading Mode"},"sceneLighting":false,"audioPlay":false,"sceneViewState":{"m_AlwaysRefresh":false,"showFog":true,"showSkybox":false,"showFlares":true,"showImageEffects":true,"showParticleSystems":true,"showVisualEffectGraphs":true,"m_FxEnabled":true},"in2DMode":false,"pivot":{"x":17.275617599487306,"y":1.2157907485961915,"z":-6.599967956542969},"rotation":{"x":0.032939475029706958,"y":0.966950535774231,"z":-0.1711776703596115,"w":0.18615353107452393},"size":1.3374520540237427,"orthographic":false}