{"cameraMode":{"drawMode":0,"name":"Shaded","section":"Shading Mode"},"sceneLighting":true,"audioPlay":false,"sceneViewState":{"m_AlwaysRefresh":false,"showFog":true,"showSkybox":true,"showFlares":true,"showImageEffects":true,"showParticleSystems":true,"showVisualEffectGraphs":true,"m_FxEnabled":true},"in2DMode":false,"pivot":{"x":-4.0896711349487309,"y":4.720757484436035,"z":14.753174781799317},"rotation":{"x":0.04654683545231819,"y":0.9533028602600098,"z":-0.22180579602718354,"w":0.19989252090454102},"size":0.9804843664169312,"orthographic":false}